Order_ID,Product,Region,Sales,Quantity,Profit,Order_Date
1,Tablet,South,21491,3,779,2024-01-01
2,Headphones,East,2341,4,-1170,2024-01-02
3,Laptop,North,45623,3,4046,2024-01-03
4,Tablet,North,25791,4,4794,2024-01-04
5,Tablet,North,1338,2,-4559,2024-01-05
6,Headphones,North,6895,1,9478,2024-01-06
7,Laptop,West,13254,3,-372,2024-01-07
8,Laptop,North,12344,1,1370,2024-01-08
9,Tablet,West,2750,3,4528,2024-01-09
10,Phone,West,3421,2,12332,2024-01-10
11,Tablet,North,40887,3,6565,2024-01-11
12,Tablet,North,6319,2,3179,2024-01-12
13,Tablet,South,16896,3,11013,2024-01-13
14,Tablet,East,12918,2,11843,2024-01-14
15,Headphones,North,26064,2,-4608,2024-01-15
16,Laptop,South,47617,4,7130,2024-01-16
17,Headphones,South,28935,2,13171,2024-01-17
18,Headphones,East,38641,4,5449,2024-01-18
19,Headphones,West,30711,2,12522,2024-01-19
20,Tablet,North,5806,1,2418,2024-01-20
21,Phone,East,42360,2,-2546,2024-01-21
22,Laptop,North,13182,1,12761,2024-01-22
23,Phone,South,23297,1,10223,2024-01-23
24,Headphones,South,20541,2,1701,2024-01-24
25,Headphones,West,29921,1,-2403,2024-01-25
26,Phone,South,17774,4,-4859,2024-01-26
27,Phone,South,45813,3,-2341,2024-01-27
28,Phone,East,38198,2,4031,2024-01-28
29,Headphones,North,9820,1,10037,2024-01-29
30,Headphones,North,25070,2,8970,2024-01-30
31,Laptop,East,5232,4,661,2024-01-31
32,Laptop,West,12122,2,1142,2024-02-01
33,Headphones,North,16023,2,7109,2024-02-02
34,Phone,South,9007,1,3787,2024-02-03
35,Phone,North,18905,4,5096,2024-02-04
36,Laptop,South,42786,3,3472,2024-02-05
37,Headphones,West,30398,3,11807,2024-02-06
38,Laptop,East,35268,1,-751,2024-02-07
39,Laptop,North,7737,2,9949,2024-02-08
40,Tablet,East,37062,1,-3250,2024-02-09
41,Tablet,North,26510,1,13351,2024-02-10
42,Tablet,South,20426,1,-912,2024-02-11
43,Phone,East,38265,2,10282,2024-02-12
44,Headphones,North,18850,4,14330,2024-02-13
45,Headphones,South,1614,1,4641,2024-02-14
46,Headphones,East,22776,2,75,2024-02-15
47,Headphones,East,25077,4,5412,2024-02-16
48,Tablet,North,10374,1,10686,2024-02-17
49,Phone,North,36435,3,2230,2024-02-18
50,Phone,North,31907,4,10432,2024-02-19
51,Tablet,South,14409,1,6002,2024-02-20
52,Phone,North,17514,4,8947,2024-02-21
53,Tablet,East,30866,4,8686,2024-02-22
54,Headphones,East,3983,4,12915,2024-02-23
55,Tablet,North,32705,4,8074,2024-02-24
56,Headphones,North,21662,4,14374,2024-02-25
57,Headphones,West,24510,4,-507,2024-02-26
58,Laptop,East,13651,1,12317,2024-02-27
59,Tablet,South,41998,3,-3540,2024-02-28
60,Laptop,West,29535,2,9140,2024-02-29
61,Tablet,North,7640,4,14107,2024-03-01
62,Tablet,North,45547,2,5704,2024-03-02
63,Laptop,East,16317,1,11669,2024-03-03
64,Laptop,North,8564,4,11648,2024-03-04
65,Tablet,South,28345,3,1816,2024-03-05
66,Phone,East,49288,2,6639,2024-03-06
67,Headphones,North,29687,4,9424,2024-03-07
68,Laptop,East,14737,1,8965,2024-03-08
69,Headphones,North,10323,3,13146,2024-03-09
70,Phone,North,16229,2,6240,2024-03-10
71,Phone,North,45481,2,-4960,2024-03-11
72,Phone,South,9502,4,827,2024-03-12
73,Laptop,South,1545,3,3259,2024-03-13
74,Phone,East,38114,3,12371,2024-03-14
75,Laptop,North,30430,3,9849,2024-03-15
76,Phone,North,10996,3,11232,2024-03-16
77,Headphones,South,28788,1,2804,2024-03-17
78,Headphones,North,30969,3,14582,2024-03-18
79,Tablet,South,49543,2,374,2024-03-19
80,Headphones,North,14919,2,-2476,2024-03-20
81,Tablet,East,4810,1,4277,2024-03-21
82,Headphones,North,31586,2,13863,2024-03-22
83,Laptop,North,40974,2,4885,2024-03-23
84,Headphones,West,42773,3,-4222,2024-03-24
85,Tablet,South,17371,2,-3508,2024-03-25
86,Tablet,North,46084,1,12044,2024-03-26
87,Phone,North,30629,3,12732,2024-03-27
88,Laptop,West,9436,4,8615,2024-03-28
89,Headphones,West,13984,3,7132,2024-03-29
90,Phone,South,34039,1,5178,2024-03-30
91,Headphones,West,20895,3,2851,2024-03-31
92,Headphones,East,19155,3,11288,2024-04-01
93,Phone,West,11616,1,2156,2024-04-02
94,Phone,East,38129,3,-2956,2024-04-03
95,Phone,South,40837,1,2368,2024-04-04
96,Phone,South,25574,1,14900,2024-04-05
97,Phone,South,4430,4,8635,2024-04-06
98,Headphones,South,13676,2,4168,2024-04-07
99,Phone,South,11816,2,12111,2024-04-08
100,Laptop,East,33733,3,6328,2024-04-09
101,Tablet,East,21144,3,8319,2024-04-10
102,Phone,South,3050,4,-4658,2024-04-11
103,Phone,West,45460,4,-3553,2024-04-12
104,Headphones,North,34933,4,1581,2024-04-13
105,Phone,South,25951,1,6851,2024-04-14
106,Phone,West,33413,4,1317,2024-04-15
107,Phone,North,35801,4,11910,2024-04-16
108,Headphones,South,33913,3,5088,2024-04-17
109,Phone,South,48037,4,7946,2024-04-18
110,Tablet,East,41600,1,11789,2024-04-19
111,Headphones,North,26280,1,9567,2024-04-20
112,Tablet,North,25557,3,9868,2024-04-21
113,Headphones,West,48054,4,4765,2024-04-22
114,Phone,East,36400,4,7466,2024-04-23
115,Tablet,East,5494,1,13230,2024-04-24
116,Headphones,East,16152,4,12862,2024-04-25
117,Laptop,East,24895,4,5587,2024-04-26
118,Phone,North,10155,4,-4229,2024-04-27
119,Headphones,North,32883,2,11300,2024-04-28
120,Laptop,South,44194,3,3770,2024-04-29
121,Headphones,South,44001,2,6093,2024-04-30
122,Laptop,East,2828,3,8803,2024-05-01
123,Phone,East,46028,1,-4807,2024-05-02
124,Tablet,East,42898,4,-2993,2024-05-03
125,Laptop,South,33123,3,12569,2024-05-04
126,Headphones,West,38573,2,13778,2024-05-05
127,Phone,West,1806,4,6190,2024-05-06
128,Laptop,South,41970,1,4984,2024-05-07
129,Headphones,South,30757,3,4302,2024-05-08
130,Headphones,South,35636,3,2429,2024-05-09
131,Headphones,South,15561,3,-2739,2024-05-10
132,Laptop,South,49280,4,1716,2024-05-11
133,Laptop,South,25262,2,3921,2024-05-12
134,Laptop,East,15899,2,-622,2024-05-13
135,Tablet,East,49988,3,2815,2024-05-14
136,Laptop,East,16934,1,8778,2024-05-15
137,Laptop,East,39197,1,14835,2024-05-16
138,Laptop,South,42844,2,7728,2024-05-17
139,Tablet,West,37332,1,5332,2024-05-18
140,Laptop,North,35157,2,4836,2024-05-19
141,Headphones,South,12593,3,-2200,2024-05-20
142,Laptop,North,41042,2,3333,2024-05-21
143,Headphones,West,18320,2,410,2024-05-22
144,Headphones,East,28376,3,12839,2024-05-23
145,Headphones,West,44513,1,808,2024-05-24
146,Tablet,South,15199,2,1796,2024-05-25
147,Tablet,East,16876,2,5288,2024-05-26
148,Tablet,South,9245,3,12709,2024-05-27
149,Laptop,East,8214,1,12543,2024-05-28
150,Headphones,North,1726,2,-350,2024-05-29
151,Tablet,North,47600,3,-13,2024-05-30
152,Tablet,North,12362,2,10200,2024-05-31
153,Laptop,West,19297,4,-303,2024-06-01
154,Tablet,South,31448,3,11724,2024-06-02
155,Laptop,West,27172,1,-1172,2024-06-03
156,Phone,North,43874,1,13352,2024-06-04
157,Tablet,South,8657,1,12087,2024-06-05
158,Phone,North,19850,1,7605,2024-06-06
159,Laptop,West,26425,2,482,2024-06-07
160,Headphones,West,27685,2,13184,2024-06-08
161,Tablet,West,48319,1,463,2024-06-09
162,Laptop,North,25578,1,8860,2024-06-10
163,Headphones,South,29831,1,-88,2024-06-11
164,Headphones,South,8906,2,-352,2024-06-12
165,Phone,North,8287,1,-4145,2024-06-13
166,Laptop,South,34660,1,-2134,2024-06-14
167,Headphones,North,11222,4,6834,2024-06-15
168,Tablet,South,38443,4,11294,2024-06-16
169,Tablet,East,35701,1,11566,2024-06-17
170,Phone,East,18764,3,-1888,2024-06-18
171,Headphones,West,45641,1,-508,2024-06-19
172,Laptop,East,18674,4,10114,2024-06-20
173,Tablet,East,19024,3,-3483,2024-06-21
174,Headphones,East,47007,3,11018,2024-06-22
175,Headphones,North,24874,1,12740,2024-06-23
176,Phone,East,44642,4,6431,2024-06-24
177,Tablet,East,33284,4,3210,2024-06-25
178,Tablet,West,18602,3,6595,2024-06-26
179,Laptop,East,38784,1,7871,2024-06-27
180,Tablet,East,24265,2,7743,2024-06-28
181,Laptop,South,26931,2,4324,2024-06-29
182,Tablet,West,29841,4,6531,2024-06-30
183,Phone,West,30192,2,1588,2024-07-01
184,Tablet,West,47542,4,-1689,2024-07-02
185,Laptop,West,43520,4,-4013,2024-07-03
186,Laptop,West,16585,4,-1679,2024-07-04
187,Phone,West,26559,2,10812,2024-07-05
188,Tablet,North,41059,4,-385,2024-07-06
189,Tablet,East,34742,3,10512,2024-07-07
190,Phone,West,5133,1,8146,2024-07-08
191,Tablet,East,15663,1,8654,2024-07-09
192,Tablet,East,22754,4,-1948,2024-07-10
193,Laptop,North,4972,1,-4274,2024-07-11
194,Tablet,West,6295,2,-1240,2024-07-12
195,Tablet,South,47681,2,-3125,2024-07-13
196,Phone,North,42873,1,8969,2024-07-14
197,Phone,South,30125,2,-967,2024-07-15
198,Headphones,East,41996,1,443,2024-07-16
199,Laptop,East,10903,1,12373,2024-07-17
200,Tablet,North,4020,1,-1256,2024-07-18
201,Tablet,North,42755,4,11977,2024-07-19
202,Headphones,South,21420,1,-3226,2024-07-20
203,Tablet,West,22452,4,5651,2024-07-21
204,Laptop,South,46648,1,-4065,2024-07-22
205,Headphones,North,39001,1,8395,2024-07-23
206,Laptop,South,10516,1,-1192,2024-07-24
207,Headphones,North,48327,2,11715,2024-07-25
208,Headphones,South,3396,4,6641,2024-07-26
209,Phone,North,19546,4,14086,2024-07-27
210,Laptop,North,20129,1,9376,2024-07-28
211,Tablet,North,2591,1,889,2024-07-29
212,Tablet,West,12303,2,54,2024-07-30
213,Laptop,South,31561,2,-1132,2024-07-31
214,Tablet,South,7183,2,11585,2024-08-01
215,Tablet,South,27572,4,13881,2024-08-02
216,Laptop,North,35080,4,-3158,2024-08-03
217,Headphones,South,21695,4,5058,2024-08-04
218,Laptop,South,8314,1,4101,2024-08-05
219,Headphones,North,20623,4,7497,2024-08-06
220,Tablet,East,3139,3,-342,2024-08-07
221,Tablet,North,48456,3,6381,2024-08-08
222,Tablet,South,32290,2,2544,2024-08-09
223,Phone,North,19088,4,2718,2024-08-10
224,Headphones,East,40692,3,8851,2024-08-11
225,Phone,North,34130,2,12154,2024-08-12
226,Phone,South,33088,4,14539,2024-08-13
227,Laptop,East,27292,1,6777,2024-08-14
228,Phone,West,47249,3,-3372,2024-08-15
229,Laptop,South,21670,1,-4614,2024-08-16
230,Laptop,East,4738,4,1031,2024-08-17
231,Phone,East,3469,3,1439,2024-08-18
232,Headphones,West,23534,4,8392,2024-08-19
233,Headphones,North,49874,1,13850,2024-08-20
234,Headphones,North,10017,3,-2718,2024-08-21
235,Headphones,South,3808,1,-3144,2024-08-22
236,Headphones,West,48638,4,10670,2024-08-23
237,Phone,North,13713,4,-3002,2024-08-24
238,Phone,West,41329,1,476,2024-08-25
239,Tablet,North,3719,3,4428,2024-08-26
240,Headphones,East,23890,1,-331,2024-08-27
241,Phone,North,12700,4,7336,2024-08-28
242,Tablet,West,37509,1,4342,2024-08-29
243,Headphones,East,43534,4,2064,2024-08-30
244,Laptop,East,37766,1,2446,2024-08-31
245,Tablet,East,27705,3,12815,2024-09-01
246,Phone,West,19787,3,624,2024-09-02
247,Laptop,South,49845,1,2461,2024-09-03
248,Laptop,South,27588,1,-3181,2024-09-04
249,Laptop,South,27123,3,5516,2024-09-05
250,Tablet,West,34062,4,8749,2024-09-06
251,Phone,East,11177,3,12514,2024-09-07
252,Laptop,South,22727,4,-2342,2024-09-08
253,Headphones,West,31220,1,-1500,2024-09-09
254,Laptop,South,10882,1,-2880,2024-09-10
255,Laptop,North,2136,4,-980,2024-09-11
256,Tablet,South,35832,1,5213,2024-09-12
257,Tablet,South,32966,4,-1741,2024-09-13
258,Phone,East,8009,2,5081,2024-09-14
259,Headphones,West,13987,3,-3177,2024-09-15
260,Tablet,East,38311,2,12858,2024-09-16
261,Laptop,East,32575,4,13626,2024-09-17
262,Phone,East,2007,3,8467,2024-09-18
263,Laptop,East,6445,4,14627,2024-09-19
264,Laptop,East,11706,3,1990,2024-09-20
265,Tablet,South,48517,3,-1866,2024-09-21
266,Phone,East,45486,3,13454,2024-09-22
267,Headphones,East,30257,3,11743,2024-09-23
268,Headphones,West,22736,4,10434,2024-09-24
269,Tablet,North,43207,3,10007,2024-09-25
270,Tablet,South,14281,3,5233,2024-09-26
271,Phone,South,2435,2,11378,2024-09-27
272,Headphones,South,34339,1,-3859,2024-09-28
273,Headphones,East,36150,1,13019,2024-09-29
274,Headphones,East,26821,2,5135,2024-09-30
275,Laptop,East,27660,2,7966,2024-10-01
276,Headphones,West,6084,4,-1639,2024-10-02
277,Laptop,North,17661,4,2835,2024-10-03
278,Phone,East,14507,4,6172,2024-10-04
279,Laptop,North,8059,2,11390,2024-10-05
280,Phone,West,19271,2,-1733,2024-10-06
281,Headphones,South,46539,3,1564,2024-10-07
282,Headphones,East,8491,4,13990,2024-10-08
283,Phone,North,48295,4,6411,2024-10-09
284,Tablet,North,15859,4,906,2024-10-10
285,Phone,East,9073,1,11028,2024-10-11
286,Tablet,South,10077,3,14657,2024-10-12
287,Laptop,South,21953,4,2611,2024-10-13
288,Laptop,South,12383,4,12297,2024-10-14
289,Laptop,West,3353,4,-2989,2024-10-15
290,Headphones,North,24821,1,12826,2024-10-16
291,Laptop,North,38567,1,6246,2024-10-17
292,Tablet,North,25860,2,8790,2024-10-18
293,Laptop,West,22195,3,6738,2024-10-19
294,Phone,North,12939,2,9730,2024-10-20
295,Phone,West,26338,3,6120,2024-10-21
296,Headphones,South,22730,1,13213,2024-10-22
297,Phone,East,22427,4,3767,2024-10-23
298,Tablet,North,36196,2,8703,2024-10-24
299,Laptop,North,28083,4,-4071,2024-10-25
300,Headphones,South,22510,2,6951,2024-10-26
301,Laptop,East,45064,1,10845,2024-10-27
302,Laptop,West,8813,1,12438,2024-10-28
303,Tablet,East,32598,1,10747,2024-10-29
304,Phone,South,48182,2,744,2024-10-30
305,Phone,South,28570,3,13284,2024-10-31
306,Laptop,East,28082,2,4649,2024-11-01
307,Headphones,West,30241,3,1980,2024-11-02
308,Phone,West,31678,2,2069,2024-11-03
309,Headphones,North,45569,2,4591,2024-11-04
310,Phone,West,12745,1,14799,2024-11-05
311,Headphones,East,27029,4,-4558,2024-11-06
312,Tablet,South,14025,4,-348,2024-11-07
313,Headphones,North,37124,3,4370,2024-11-08
314,Tablet,North,15288,4,2597,2024-11-09
315,Tablet,South,24650,2,9325,2024-11-10
316,Headphones,West,7540,2,-542,2024-11-11
317,Tablet,South,33232,1,1591,2024-11-12
318,Laptop,West,17422,1,11346,2024-11-13
319,Tablet,South,4342,4,6826,2024-11-14
320,Phone,East,42846,3,13693,2024-11-15
321,Headphones,West,36612,4,9138,2024-11-16
322,Laptop,East,11396,4,12294,2024-11-17
323,Headphones,North,18482,4,-2831,2024-11-18
324,Phone,South,24411,4,13556,2024-11-19
325,Phone,North,47766,2,1313,2024-11-20
326,Phone,North,14261,3,3315,2024-11-21
327,Tablet,North,4093,2,3036,2024-11-22
328,Tablet,North,12722,3,-4215,2024-11-23
329,Headphones,South,23042,1,1139,2024-11-24
330,Headphones,North,45413,4,1344,2024-11-25
331,Laptop,South,48851,2,13800,2024-11-26
332,Laptop,South,29087,3,9973,2024-11-27
333,Headphones,East,33347,1,619,2024-11-28
334,Tablet,West,34756,1,-3064,2024-11-29
335,Phone,West,40214,4,-1193,2024-11-30
336,Headphones,South,17335,3,2151,2024-12-01
337,Laptop,East,29602,2,4493,2024-12-02
338,Tablet,South,49901,4,7355,2024-12-03
339,Headphones,South,35450,2,-1764,2024-12-04
340,Headphones,South,33196,1,10848,2024-12-05
341,Tablet,East,6626,2,-2648,2024-12-06
342,Headphones,West,8424,2,-3068,2024-12-07
343,Tablet,East,13857,4,5913,2024-12-08
344,Phone,North,45923,2,3556,2024-12-09
345,Tablet,East,20982,4,498,2024-12-10
346,Tablet,East,12425,1,5582,2024-12-11
347,Tablet,East,2980,4,12330,2024-12-12
348,Headphones,East,49290,4,8865,2024-12-13
349,Headphones,West,27431,3,4569,2024-12-14
350,Tablet,North,20440,2,12823,2024-12-15
351,Headphones,West,42752,1,-143,2024-12-16
352,Laptop,West,18175,4,-4660,2024-12-17
353,Laptop,East,49651,1,6181,2024-12-18
354,Headphones,South,27385,3,11766,2024-12-19
355,Headphones,South,39158,2,3491,2024-12-20
356,Tablet,West,24019,4,-4862,2024-12-21
357,Phone,West,19639,2,-4642,2024-12-22
358,Headphones,East,20994,3,4714,2024-12-23
359,Laptop,West,35375,3,14840,2024-12-24
360,Tablet,East,22563,1,-3373,2024-12-25
361,Headphones,South,40341,4,10996,2024-12-26
362,Laptop,South,6776,1,4,2024-12-27
363,Laptop,North,37444,3,8283,2024-12-28
364,Phone,South,4380,2,1652,2024-12-29
365,Tablet,West,9711,1,14554,2024-12-30
366,Tablet,South,9782,1,-2849,2024-12-31
367,Phone,East,18434,2,4429,2025-01-01
368,Phone,South,47765,1,9072,2025-01-02
369,Tablet,North,21017,2,6927,2025-01-03
370,Tablet,South,31707,4,1905,2025-01-04
371,Headphones,East,40110,2,14218,2025-01-05
372,Headphones,East,18343,4,7452,2025-01-06
373,Phone,West,39827,2,11212,2025-01-07
374,Headphones,South,42652,3,13951,2025-01-08
375,Laptop,East,6655,3,-3693,2025-01-09
376,Headphones,North,45859,4,9852,2025-01-10
377,Headphones,West,16251,4,-2340,2025-01-11
378,Laptop,North,1526,3,5403,2025-01-12
379,Phone,South,4224,4,5238,2025-01-13
380,Laptop,South,48837,2,1207,2025-01-14
381,Headphones,South,12536,2,14546,2025-01-15
382,Phone,West,29541,3,-3860,2025-01-16
383,Headphones,East,14547,1,-3292,2025-01-17
384,Laptop,West,35531,2,-1370,2025-01-18
385,Laptop,North,9712,4,14595,2025-01-19
386,Headphones,West,39565,1,5485,2025-01-20
387,Tablet,North,10208,1,7021,2025-01-21
388,Tablet,West,6109,2,11859,2025-01-22
389,Laptop,East,36201,2,2684,2025-01-23
390,Laptop,North,17967,1,-3793,2025-01-24
391,Tablet,South,30759,1,8331,2025-01-25
392,Tablet,South,21172,3,-3040,2025-01-26
393,Headphones,West,37935,4,-4443,2025-01-27
394,Headphones,South,27589,3,10883,2025-01-28
395,Tablet,North,31015,2,8893,2025-01-29
396,Headphones,South,30009,3,-4118,2025-01-30
397,Headphones,East,18773,3,-239,2025-01-31
398,Phone,East,42125,3,867,2025-02-01
399,Headphones,West,27143,3,7869,2025-02-02
400,Laptop,North,7154,4,2166,2025-02-03
401,Headphones,East,22804,4,7982,2025-02-04
402,Headphones,East,42688,1,2929,2025-02-05
403,Tablet,North,21581,2,347,2025-02-06
404,Laptop,South,31087,3,2269,2025-02-07
405,Headphones,South,33981,1,8527,2025-02-08
406,Headphones,West,4762,1,-2546,2025-02-09
407,Phone,South,47167,1,13330,2025-02-10
408,Headphones,North,10768,4,7991,2025-02-11
409,Headphones,East,44408,3,-2192,2025-02-12
410,Phone,South,40499,3,1642,2025-02-13
411,Tablet,West,39559,2,-1175,2025-02-14
412,Headphones,South,49590,3,-1464,2025-02-15
413,Phone,North,9783,3,10309,2025-02-16
414,Laptop,West,47389,1,-1198,2025-02-17
415,Tablet,South,30781,2,13354,2025-02-18
416,Laptop,West,31811,3,1142,2025-02-19
417,Laptop,North,49787,4,14203,2025-02-20
418,Phone,East,36488,3,4094,2025-02-21
419,Headphones,North,9905,1,-4636,2025-02-22
420,Phone,North,10127,4,14503,2025-02-23
421,Phone,North,23431,1,10688,2025-02-24
422,Phone,North,7368,3,-3137,2025-02-25
423,Phone,East,28424,4,11499,2025-02-26
424,Tablet,East,47824,2,2084,2025-02-27
425,Headphones,West,46004,2,3016,2025-02-28
426,Laptop,South,19333,4,-2616,2025-03-01
427,Laptop,East,24116,4,10072,2025-03-02
428,Headphones,East,48219,1,-1065,2025-03-03
429,Laptop,South,44201,4,8127,2025-03-04
430,Headphones,East,16525,1,9482,2025-03-05
431,Laptop,North,24398,3,2742,2025-03-06
432,Phone,North,33857,1,11165,2025-03-07
433,Laptop,South,11361,4,-2510,2025-03-08
434,Headphones,West,17369,4,8324,2025-03-09
435,Headphones,West,4041,3,13108,2025-03-10
436,Headphones,South,1105,4,14151,2025-03-11
437,Headphones,South,10078,4,-3863,2025-03-12
438,Headphones,North,26003,2,-1580,2025-03-13
439,Tablet,West,7090,2,845,2025-03-14
440,Tablet,East,39850,3,-1094,2025-03-15
441,Laptop,North,2925,1,14337,2025-03-16
442,Headphones,South,19440,2,7413,2025-03-17
443,Laptop,West,40685,1,-4724,2025-03-18
444,Headphones,East,27015,4,13383,2025-03-19
445,Headphones,East,34320,2,12611,2025-03-20
446,Tablet,North,26291,3,1337,2025-03-21
447,Tablet,West,37679,3,6944,2025-03-22
448,Phone,West,27289,3,10906,2025-03-23
449,Tablet,South,4389,2,12079,2025-03-24
450,Phone,West,26683,1,7306,2025-03-25
451,Phone,West,14629,4,5503,2025-03-26
452,Phone,North,25826,1,14225,2025-03-27
453,Phone,West,36198,1,-792,2025-03-28
454,Phone,East,27630,4,6590,2025-03-29
455,Laptop,North,34226,4,5886,2025-03-30
456,Tablet,North,47163,2,7866,2025-03-31
457,Phone,South,33975,2,-3912,2025-04-01
458,Headphones,West,1899,2,-1637,2025-04-02
459,Tablet,South,12653,2,-4976,2025-04-03
460,Tablet,East,28961,2,4764,2025-04-04
461,Phone,North,17405,4,4959,2025-04-05
462,Laptop,North,9601,1,7935,2025-04-06
463,Phone,North,34662,2,3068,2025-04-07
464,Laptop,East,34282,2,13619,2025-04-08
465,Headphones,East,22288,1,2295,2025-04-09
466,Tablet,South,30545,2,3392,2025-04-10
467,Headphones,South,37877,1,6390,2025-04-11
468,Laptop,South,47026,1,3448,2025-04-12
469,Laptop,West,16313,4,5433,2025-04-13
470,Headphones,North,16349,3,10038,2025-04-14
471,Laptop,North,8179,4,14559,2025-04-15
472,Headphones,South,11326,3,6528,2025-04-16
473,Tablet,North,45555,3,10743,2025-04-17
474,Headphones,South,2560,3,3605,2025-04-18
475,Tablet,West,14612,2,-2986,2025-04-19
476,Headphones,West,18650,4,-3619,2025-04-20
477,Laptop,East,27745,3,-3902,2025-04-21
478,Headphones,West,32890,1,14810,2025-04-22
479,Laptop,South,21022,2,4101,2025-04-23
480,Headphones,West,5780,4,-4813,2025-04-24
481,Headphones,East,19311,3,6948,2025-04-25
482,Phone,North,29380,1,5207,2025-04-26
483,Laptop,South,45662,4,-2908,2025-04-27
484,Phone,North,3356,4,13514,2025-04-28
485,Laptop,East,5790,2,242,2025-04-29
486,Phone,East,27911,4,3549,2025-04-30
487,Tablet,East,25363,2,185,2025-05-01
488,Headphones,North,21049,3,10271,2025-05-02
489,Laptop,North,11181,2,776,2025-05-03
490,Laptop,North,40825,1,7449,2025-05-04
491,Headphones,North,17082,2,2823,2025-05-05
492,Laptop,East,1661,1,10717,2025-05-06
493,Laptop,East,38412,2,2355,2025-05-07
494,Phone,South,49479,4,1465,2025-05-08
495,Laptop,South,3920,3,7737,2025-05-09
496,Tablet,North,26658,1,12881,2025-05-10
497,Tablet,West,49770,2,8324,2025-05-11
498,Headphones,West,15025,2,5350,2025-05-12
499,Laptop,East,9946,2,-2445,2025-05-13
500,Headphones,East,29706,4,-2049,2025-05-14
501,Tablet,East,46500,4,12622,2025-05-15
502,Laptop,South,40004,1,-273,2025-05-16
503,Laptop,South,17309,1,686,2025-05-17
504,Headphones,East,47286,4,-1299,2025-05-18
505,Tablet,East,34120,1,-2220,2025-05-19
506,Laptop,East,31027,3,12972,2025-05-20
507,Headphones,West,8005,3,-2632,2025-05-21
508,Tablet,South,47804,4,10592,2025-05-22
509,Headphones,West,1956,1,-4564,2025-05-23
510,Phone,West,35839,2,-2172,2025-05-24
511,Laptop,East,9595,3,-3444,2025-05-25
512,Phone,East,48908,4,8364,2025-05-26
513,Tablet,North,13803,1,10061,2025-05-27
514,Phone,North,26963,4,5576,2025-05-28
515,Phone,West,37221,2,11566,2025-05-29
516,Tablet,South,40443,3,2190,2025-05-30
517,Headphones,East,34723,4,565,2025-05-31
518,Phone,East,40063,4,10369,2025-06-01
519,Headphones,West,49689,4,-3411,2025-06-02
520,Phone,North,16282,2,-4841,2025-06-03
521,Headphones,South,5703,4,7145,2025-06-04
522,Tablet,North,7563,2,10373,2025-06-05
523,Phone,North,26849,2,1555,2025-06-06
524,Tablet,North,32860,2,11237,2025-06-07
525,Phone,North,32585,3,4203,2025-06-08
526,Tablet,East,23015,3,3244,2025-06-09
527,Tablet,East,13003,4,9743,2025-06-10
528,Phone,North,44585,4,8333,2025-06-11
529,Phone,South,27958,3,8341,2025-06-12
530,Phone,West,27017,1,13691,2025-06-13
531,Laptop,South,12171,3,-3772,2025-06-14
532,Headphones,South,46350,2,590,2025-06-15
533,Laptop,South,13201,3,585,2025-06-16
534,Laptop,North,30426,2,4227,2025-06-17
535,Tablet,East,18778,4,1046,2025-06-18
536,Phone,South,46241,1,7237,2025-06-19
537,Headphones,North,43229,4,10649,2025-06-20
538,Tablet,South,22116,2,-55,2025-06-21
539,Laptop,South,49364,2,2927,2025-06-22
540,Phone,North,34297,2,7641,2025-06-23
541,Tablet,East,20342,1,10998,2025-06-24
542,Phone,East,28490,3,8386,2025-06-25
543,Tablet,West,20975,4,2016,2025-06-26
544,Phone,North,27723,4,9027,2025-06-27
545,Laptop,West,24279,3,10920,2025-06-28
546,Headphones,West,13765,4,8752,2025-06-29
547,Laptop,West,47678,1,13268,2025-06-30
548,Headphones,East,12561,4,13193,2025-07-01
549,Phone,North,42899,2,-1833,2025-07-02
550,Tablet,West,1525,3,6989,2025-07-03
551,Laptop,North,23861,1,9087,2025-07-04
552,Headphones,North,34142,3,-2563,2025-07-05
553,Laptop,East,27916,1,10275,2025-07-06
554,Headphones,West,45965,2,276,2025-07-07
555,Laptop,West,5648,3,3859,2025-07-08
556,Headphones,North,36133,4,2818,2025-07-09
557,Headphones,South,31523,1,-272,2025-07-10
558,Phone,East,30052,3,14008,2025-07-11
559,Headphones,East,35414,4,738,2025-07-12
560,Phone,East,33781,3,793,2025-07-13
561,Headphones,East,5599,3,-477,2025-07-14
562,Tablet,West,36046,3,571,2025-07-15
563,Tablet,West,48064,1,11209,2025-07-16
564,Tablet,South,36923,4,10246,2025-07-17
565,Headphones,East,42089,2,5380,2025-07-18
566,Phone,East,4814,1,-2776,2025-07-19
567,Phone,North,46893,1,3389,2025-07-20
568,Headphones,West,36984,1,10927,2025-07-21
569,Tablet,East,27616,2,6684,2025-07-22
570,Tablet,South,3113,4,5640,2025-07-23
571,Phone,South,44006,4,3662,2025-07-24
572,Tablet,West,14760,4,1361,2025-07-25
573,Laptop,South,22927,3,-3052,2025-07-26
574,Phone,South,21939,3,7091,2025-07-27
575,Tablet,West,33419,3,6992,2025-07-28
576,Phone,East,13588,2,1318,2025-07-29
577,Laptop,East,37142,3,7180,2025-07-30
578,Phone,South,40198,2,-4766,2025-07-31
579,Phone,South,45738,4,10372,2025-08-01
580,Phone,East,34397,3,14991,2025-08-02
581,Phone,West,17653,3,-4478,2025-08-03
582,Laptop,South,11831,1,7718,2025-08-04
583,Headphones,North,6724,2,4821,2025-08-05
584,Phone,West,12083,4,832,2025-08-06
585,Phone,South,46917,1,7820,2025-08-07
586,Tablet,South,20816,1,11211,2025-08-08
587,Phone,North,43240,4,2122,2025-08-09
588,Tablet,North,7276,1,842,2025-08-10
589,Headphones,East,49403,2,-3684,2025-08-11
590,Laptop,West,39663,2,8200,2025-08-12
591,Laptop,West,14994,3,12508,2025-08-13
592,Headphones,East,24499,1,10206,2025-08-14
593,Laptop,West,24040,3,13971,2025-08-15
594,Headphones,West,44320,1,-3622,2025-08-16
595,Headphones,West,17959,2,14758,2025-08-17
596,Headphones,West,7099,2,-3481,2025-08-18
597,Laptop,West,43267,2,2935,2025-08-19
598,Tablet,North,20576,1,1093,2025-08-20
599,Headphones,West,36946,2,355,2025-08-21
600,Phone,North,7116,1,4083,2025-08-22
601,Laptop,West,16563,3,574,2025-08-23
602,Headphones,East,27788,1,8324,2025-08-24
603,Headphones,South,27928,3,-2743,2025-08-25
604,Phone,North,37336,1,8411,2025-08-26
605,Tablet,West,10847,3,10233,2025-08-27
606,Tablet,East,27155,2,10887,2025-08-28
607,Tablet,South,15135,3,14621,2025-08-29
608,Headphones,North,18774,2,-2995,2025-08-30
609,Headphones,South,2742,2,13400,2025-08-31
610,Headphones,East,19309,3,5860,2025-09-01
611,Laptop,North,1619,1,5070,2025-09-02
612,Phone,South,18658,1,4388,2025-09-03
613,Headphones,West,35707,4,13156,2025-09-04
614,Phone,North,21337,1,13135,2025-09-05
615,Phone,South,17001,4,9609,2025-09-06
616,Tablet,East,1968,1,11363,2025-09-07
617,Laptop,East,48614,1,14604,2025-09-08
618,Headphones,North,26892,2,11923,2025-09-09
619,Tablet,South,26619,4,9823,2025-09-10
620,Tablet,North,1281,1,12845,2025-09-11
621,Headphones,North,28420,4,3547,2025-09-12
622,Phone,South,16360,2,6515,2025-09-13
623,Tablet,South,40030,2,-4766,2025-09-14
624,Phone,West,2058,4,9562,2025-09-15
625,Laptop,South,21677,2,12932,2025-09-16
626,Phone,East,11724,3,2480,2025-09-17
627,Laptop,North,29404,3,-787,2025-09-18
628,Phone,North,38946,2,5293,2025-09-19
629,Tablet,East,40748,3,-3327,2025-09-20
630,Tablet,South,30856,1,-2900,2025-09-21
631,Laptop,East,10200,4,6849,2025-09-22
632,Headphones,East,34997,1,14557,2025-09-23
633,Laptop,West,26611,4,13199,2025-09-24
634,Laptop,East,42235,2,-1159,2025-09-25
635,Phone,North,36057,1,5197,2025-09-26
636,Phone,East,2239,2,3016,2025-09-27
637,Laptop,North,39138,2,2011,2025-09-28
638,Tablet,North,49938,4,-507,2025-09-29
639,Phone,North,1125,4,12058,2025-09-30
640,Headphones,South,46272,4,3578,2025-10-01
641,Phone,West,24857,1,-2842,2025-10-02
642,Phone,North,16398,3,14045,2025-10-03
643,Headphones,North,7638,4,-2936,2025-10-04
644,Laptop,South,7570,4,-1747,2025-10-05
645,Headphones,North,4249,1,7828,2025-10-06
646,Laptop,East,10110,4,-3599,2025-10-07
647,Laptop,East,41363,1,14643,2025-10-08
648,Laptop,West,14605,2,10193,2025-10-09
649,Headphones,North,13115,4,7096,2025-10-10
650,Laptop,South,40062,4,-786,2025-10-11
651,Tablet,East,23911,2,14611,2025-10-12
652,Headphones,South,39525,2,6023,2025-10-13
653,Tablet,South,33556,2,6950,2025-10-14
654,Laptop,East,13595,4,5704,2025-10-15
655,Phone,South,2969,3,5343,2025-10-16
656,Laptop,East,44753,3,6867,2025-10-17
657,Tablet,South,18275,3,-2255,2025-10-18
658,Tablet,East,5470,4,-1134,2025-10-19
659,Headphones,North,11225,2,6956,2025-10-20
660,Phone,West,43324,4,818,2025-10-21
661,Headphones,East,42974,2,13606,2025-10-22
662,Tablet,East,43759,4,11093,2025-10-23
663,Laptop,West,24196,4,14176,2025-10-24
664,Phone,East,41287,2,10493,2025-10-25
665,Laptop,East,14669,3,12908,2025-10-26
666,Laptop,South,38380,2,3224,2025-10-27
667,Phone,West,46141,1,-975,2025-10-28
668,Headphones,North,49320,1,13950,2025-10-29
669,Laptop,East,48414,2,14187,2025-10-30
670,Tablet,West,39006,4,1155,2025-10-31
671,Laptop,South,16577,1,8839,2025-11-01
672,Phone,North,23473,1,-4281,2025-11-02
673,Phone,West,29625,4,9890,2025-11-03
674,Phone,North,16504,4,12356,2025-11-04
675,Headphones,North,25089,3,13591,2025-11-05
676,Laptop,North,37487,4,-574,2025-11-06
677,Headphones,East,1302,2,7512,2025-11-07
678,Headphones,East,32463,2,10064,2025-11-08
679,Phone,South,45912,3,8767,2025-11-09
680,Phone,South,30259,1,6308,2025-11-10
681,Headphones,West,43823,1,6477,2025-11-11
682,Laptop,South,38208,4,7903,2025-11-12
683,Tablet,North,31659,2,3680,2025-11-13
684,Headphones,North,36840,1,-2796,2025-11-14
685,Laptop,East,32890,3,14660,2025-11-15
686,Phone,North,14598,3,-3898,2025-11-16
687,Phone,West,48055,2,243,2025-11-17
688,Laptop,North,47733,3,1614,2025-11-18
689,Tablet,North,20508,3,11299,2025-11-19
690,Phone,West,43287,2,3707,2025-11-20
691,Phone,South,14380,4,8913,2025-11-21
692,Phone,South,27984,4,-4370,2025-11-22
693,Laptop,West,45633,3,6908,2025-11-23
694,Headphones,East,9125,4,5847,2025-11-24
695,Phone,North,37059,4,4171,2025-11-25
696,Headphones,West,5033,3,7721,2025-11-26
697,Tablet,North,38873,4,11661,2025-11-27
698,Phone,East,18087,3,11616,2025-11-28
699,Phone,North,41901,1,4744,2025-11-29
700,Tablet,West,6704,2,690,2025-11-30
701,Phone,North,8848,2,8401,2025-12-01
702,Headphones,South,22592,4,2659,2025-12-02
703,Laptop,East,46743,4,5601,2025-12-03
704,Headphones,East,7924,4,6704,2025-12-04
705,Laptop,East,28208,2,-4975,2025-12-05
706,Laptop,West,20614,1,10384,2025-12-06
707,Headphones,East,1488,1,8705,2025-12-07
708,Headphones,South,40882,2,3652,2025-12-08
709,Headphones,West,26923,1,8379,2025-12-09
710,Headphones,South,49508,2,2006,2025-12-10
711,Tablet,North,36941,1,14867,2025-12-11
712,Phone,North,30165,3,13378,2025-12-12
713,Laptop,North,2667,3,3682,2025-12-13
714,Headphones,North,27213,2,-3928,2025-12-14
715,Headphones,South,5114,1,-4785,2025-12-15
716,Headphones,West,37321,4,4915,2025-12-16
717,Tablet,West,8761,1,4784,2025-12-17
718,Headphones,East,32116,3,13990,2025-12-18
719,Headphones,South,34768,3,9824,2025-12-19
720,Headphones,North,49406,1,-1687,2025-12-20
721,Phone,South,26426,1,6033,2025-12-21
722,Tablet,East,18772,4,4968,2025-12-22
723,Headphones,East,39218,4,11241,2025-12-23
724,Laptop,South,4712,1,939,2025-12-24
725,Laptop,South,2367,1,9696,2025-12-25
726,Laptop,South,41957,1,9794,2025-12-26
727,Tablet,West,42781,1,-2705,2025-12-27
728,Tablet,North,27200,2,-3304,2025-12-28
729,Laptop,South,4726,1,6185,2025-12-29
730,Headphones,South,24616,4,13330,2025-12-30
731,Tablet,South,28723,3,7001,2025-12-31
732,Laptop,East,38574,2,9350,2026-01-01
733,Laptop,East,35958,1,14167,2026-01-02
734,Headphones,West,10108,3,-1356,2026-01-03
735,Phone,North,13178,2,1420,2026-01-04
736,Tablet,West,36643,3,6837,2026-01-05
737,Headphones,North,32324,1,14029,2026-01-06
738,Laptop,East,39360,1,1353,2026-01-07
739,Laptop,East,18824,4,5541,2026-01-08
740,Headphones,East,46360,1,-3068,2026-01-09
741,Tablet,West,9927,1,6486,2026-01-10
742,Phone,South,29144,2,-3243,2026-01-11
743,Phone,South,32010,4,85,2026-01-12
744,Laptop,East,23443,2,637,2026-01-13
745,Tablet,South,15437,3,-3884,2026-01-14
746,Phone,South,45298,1,5759,2026-01-15
747,Tablet,West,40778,3,6691,2026-01-16
748,Tablet,North,12207,2,-4508,2026-01-17
749,Laptop,East,26537,1,3811,2026-01-18
750,Phone,East,36757,1,1474,2026-01-19
751,Headphones,West,13040,2,9385,2026-01-20
752,Laptop,West,42986,2,4738,2026-01-21
753,Phone,South,23612,2,8979,2026-01-22
754,Phone,East,29441,2,6755,2026-01-23
755,Phone,North,7471,2,4797,2026-01-24
756,Phone,West,36631,1,9607,2026-01-25
757,Phone,North,44461,2,7867,2026-01-26
758,Tablet,North,27523,1,14127,2026-01-27
759,Laptop,East,32348,1,2866,2026-01-28
760,Tablet,East,2177,2,10449,2026-01-29
761,Headphones,West,5760,2,5685,2026-01-30
762,Phone,East,33779,4,451,2026-01-31
763,Laptop,East,22636,1,3548,2026-02-01
764,Phone,East,17353,2,2186,2026-02-02
765,Laptop,North,12556,2,1102,2026-02-03
766,Tablet,West,28598,2,-4381,2026-02-04
767,Laptop,South,12563,4,-4118,2026-02-05
768,Headphones,North,47819,4,-1358,2026-02-06
769,Headphones,East,44790,3,-3704,2026-02-07
770,Laptop,North,9234,1,9122,2026-02-08
771,Laptop,East,26519,3,-2105,2026-02-09
772,Laptop,East,27966,2,12313,2026-02-10
773,Laptop,North,17173,4,366,2026-02-11
774,Headphones,West,27987,4,3711,2026-02-12
775,Phone,East,14178,3,14596,2026-02-13
776,Laptop,West,40338,4,13793,2026-02-14
777,Laptop,South,25596,2,3199,2026-02-15
778,Headphones,East,34174,4,5717,2026-02-16
779,Headphones,West,42974,3,-1577,2026-02-17
780,Tablet,West,5431,2,5211,2026-02-18
781,Laptop,South,28764,3,7782,2026-02-19
782,Tablet,West,22627,4,7474,2026-02-20
783,Headphones,West,40310,3,-1333,2026-02-21
784,Headphones,South,9906,3,3277,2026-02-22
785,Phone,East,37914,1,7424,2026-02-23
786,Laptop,West,45814,4,13852,2026-02-24
787,Tablet,West,46379,4,13020,2026-02-25
788,Headphones,West,14076,3,3155,2026-02-26
789,Headphones,North,38650,1,-1417,2026-02-27
790,Tablet,South,47881,4,10515,2026-02-28
791,Phone,North,47413,2,-991,2026-03-01
792,Headphones,South,7012,3,14710,2026-03-02
793,Laptop,East,8151,4,5410,2026-03-03
794,Headphones,East,29211,2,13601,2026-03-04
795,Laptop,West,28117,4,-33,2026-03-05
796,Tablet,South,37378,2,13753,2026-03-06
797,Laptop,East,43652,3,5695,2026-03-07
798,Tablet,South,7894,4,4135,2026-03-08
799,Laptop,East,14467,4,722,2026-03-09
800,Tablet,North,32010,1,10514,2026-03-10
801,Laptop,East,43641,3,6128,2026-03-11
802,Phone,North,13289,2,-556,2026-03-12
803,Laptop,East,45976,4,2618,2026-03-13
804,Laptop,West,44596,4,13060,2026-03-14
805,Phone,North,24171,2,-3804,2026-03-15
806,Headphones,East,35905,3,7297,2026-03-16
807,Headphones,West,21829,1,-2213,2026-03-17
808,Laptop,North,35054,1,2927,2026-03-18
809,Phone,West,49478,4,14702,2026-03-19
810,Laptop,South,45139,2,-2824,2026-03-20
811,Tablet,South,49713,4,3792,2026-03-21
812,Tablet,North,30734,2,4171,2026-03-22
813,Laptop,East,8052,1,-2549,2026-03-23
814,Headphones,North,4654,3,-4372,2026-03-24
815,Headphones,West,24486,2,4821,2026-03-25
816,Laptop,East,19743,1,2778,2026-03-26
817,Laptop,South,49368,4,-1304,2026-03-27
818,Tablet,East,25489,2,14149,2026-03-28
819,Headphones,South,9636,3,7972,2026-03-29
820,Laptop,East,7441,4,3307,2026-03-30
821,Tablet,East,25611,4,-44,2026-03-31
822,Headphones,East,43435,1,5195,2026-04-01
823,Phone,West,13149,2,12076,2026-04-02
824,Tablet,West,35566,4,14546,2026-04-03
825,Headphones,North,43368,3,-3895,2026-04-04
826,Headphones,North,22675,2,14392,2026-04-05
827,Tablet,South,6495,3,13545,2026-04-06
828,Phone,West,43668,4,10417,2026-04-07
829,Tablet,South,14673,3,9188,2026-04-08
830,Headphones,North,12130,1,7602,2026-04-09
831,Laptop,South,23668,3,4256,2026-04-10
832,Laptop,North,16222,2,9212,2026-04-11
833,Tablet,West,24669,3,-3087,2026-04-12
834,Headphones,East,35068,3,5593,2026-04-13
835,Laptop,West,24253,1,-3228,2026-04-14
836,Headphones,South,10435,3,14164,2026-04-15
837,Tablet,South,29552,3,7996,2026-04-16
838,Laptop,West,38384,4,-2129,2026-04-17
839,Headphones,West,17393,4,8234,2026-04-18
840,Laptop,North,11617,2,12044,2026-04-19
841,Tablet,South,39520,4,5521,2026-04-20
842,Headphones,South,10852,4,5642,2026-04-21
843,Laptop,West,32401,4,-3868,2026-04-22
844,Tablet,East,7295,4,-4301,2026-04-23
845,Laptop,South,36993,1,9534,2026-04-24
846,Laptop,East,35084,4,5230,2026-04-25
847,Phone,West,46105,1,1297,2026-04-26
848,Phone,West,40575,1,7839,2026-04-27
849,Tablet,North,37451,4,2812,2026-04-28
850,Phone,South,8227,3,-443,2026-04-29
851,Tablet,East,32910,1,-2821,2026-04-30
852,Phone,North,37041,3,6030,2026-05-01
853,Laptop,South,24384,3,4065,2026-05-02
854,Tablet,North,1145,4,3275,2026-05-03
855,Tablet,West,38778,2,12806,2026-05-04
856,Laptop,South,17035,4,10089,2026-05-05
857,Tablet,North,4040,2,-1820,2026-05-06
858,Tablet,North,43422,2,1696,2026-05-07
859,Phone,East,27160,4,4583,2026-05-08
860,Tablet,North,18633,4,11998,2026-05-09
861,Headphones,South,30344,2,8869,2026-05-10
862,Laptop,South,18014,4,6757,2026-05-11
863,Phone,East,15996,2,11654,2026-05-12
864,Phone,South,42621,3,7258,2026-05-13
865,Headphones,West,12695,4,-2532,2026-05-14
866,Laptop,South,3852,3,9208,2026-05-15
867,Laptop,South,17014,1,10042,2026-05-16
868,Phone,North,28042,3,10639,2026-05-17
869,Tablet,North,34755,3,6546,2026-05-18
870,Phone,South,41390,2,7327,2026-05-19
871,Laptop,East,24711,3,9270,2026-05-20
872,Headphones,North,27122,4,10523,2026-05-21
873,Phone,East,10160,2,9300,2026-05-22
874,Laptop,South,28213,1,14991,2026-05-23
875,Phone,South,40420,4,5775,2026-05-24
876,Tablet,West,8421,1,7265,2026-05-25
877,Phone,North,22400,3,14459,2026-05-26
878,Phone,South,34537,4,11673,2026-05-27
879,Laptop,West,18727,4,1614,2026-05-28
880,Laptop,North,47882,1,-1748,2026-05-29
881,Laptop,South,5358,4,2415,2026-05-30
882,Phone,South,29482,4,11662,2026-05-31
883,Tablet,North,33117,4,6116,2026-06-01
884,Headphones,North,24164,3,11964,2026-06-02
885,Headphones,North,32910,1,-42,2026-06-03
886,Laptop,South,33496,4,-724,2026-06-04
887,Laptop,South,45311,2,-224,2026-06-05
888,Phone,West,30371,2,12208,2026-06-06
889,Headphones,East,39467,2,-1168,2026-06-07
890,Laptop,North,18625,2,9901,2026-06-08
891,Tablet,South,34893,3,445,2026-06-09
892,Tablet,South,11793,4,-3620,2026-06-10
893,Laptop,North,32007,1,4865,2026-06-11
894,Laptop,East,26766,4,8926,2026-06-12
895,Headphones,North,40532,3,14540,2026-06-13
896,Headphones,East,13323,2,6580,2026-06-14
897,Phone,South,46799,3,634,2026-06-15
898,Headphones,East,47820,4,810,2026-06-16
899,Tablet,West,46408,1,5179,2026-06-17
900,Tablet,South,8843,3,7251,2026-06-18
901,Laptop,West,15210,1,8131,2026-06-19
902,Headphones,North,17456,3,14493,2026-06-20
903,Phone,North,32367,1,7707,2026-06-21
904,Tablet,North,11106,1,14624,2026-06-22
905,Tablet,East,38957,2,13233,2026-06-23
906,Phone,South,3472,1,-2251,2026-06-24
907,Phone,North,7704,2,8156,2026-06-25
908,Tablet,North,4713,4,11589,2026-06-26
909,Tablet,South,6051,4,-1550,2026-06-27
910,Phone,North,11756,2,2214,2026-06-28
911,Tablet,West,3475,2,6814,2026-06-29
912,Laptop,South,37378,3,141,2026-06-30
913,Laptop,South,5255,3,-2292,2026-07-01
914,Phone,South,15484,3,13375,2026-07-02
915,Headphones,West,35503,4,10088,2026-07-03
916,Phone,South,9258,3,6834,2026-07-04
917,Phone,West,41747,1,7278,2026-07-05
918,Headphones,South,36196,1,5014,2026-07-06
919,Headphones,East,46113,3,-1727,2026-07-07
920,Headphones,North,41194,1,9367,2026-07-08
921,Laptop,East,9533,4,-462,2026-07-09
922,Tablet,North,33581,1,7541,2026-07-10
923,Laptop,West,6249,4,3712,2026-07-11
924,Tablet,East,20201,2,4168,2026-07-12
925,Laptop,South,10686,2,-1449,2026-07-13
926,Tablet,North,47877,2,7297,2026-07-14
927,Laptop,North,33007,2,5965,2026-07-15
928,Headphones,East,1661,1,-2168,2026-07-16
929,Phone,West,45843,3,8422,2026-07-17
930,Laptop,East,31137,1,-4848,2026-07-18
931,Tablet,West,48556,4,6156,2026-07-19
932,Headphones,West,43828,1,6108,2026-07-20
933,Laptop,North,49604,1,-2200,2026-07-21
934,Laptop,East,11526,4,310,2026-07-22
935,Headphones,East,4374,2,4944,2026-07-23
936,Laptop,West,26592,2,-2390,2026-07-24
937,Phone,East,29982,2,7067,2026-07-25
938,Laptop,South,1207,3,-3896,2026-07-26
939,Phone,South,36433,4,5728,2026-07-27
940,Phone,East,24197,4,2263,2026-07-28
941,Headphones,East,34400,1,-3086,2026-07-29
942,Laptop,West,4083,3,14456,2026-07-30
943,Headphones,South,30328,2,-4594,2026-07-31
944,Laptop,South,47479,3,8689,2026-08-01
945,Laptop,North,43891,4,-4834,2026-08-02
946,Tablet,West,21103,4,-4492,2026-08-03
947,Laptop,North,40891,1,13045,2026-08-04
948,Headphones,South,11754,1,-1336,2026-08-05
949,Phone,West,35447,4,14873,2026-08-06
950,Laptop,East,16901,2,8050,2026-08-07
951,Tablet,West,34004,2,-4320,2026-08-08
952,Headphones,East,8446,3,13908,2026-08-09
953,Laptop,East,38211,4,13504,2026-08-10
954,Headphones,West,49231,4,-643,2026-08-11
955,Tablet,East,30301,2,-3637,2026-08-12
956,Tablet,North,27116,2,4523,2026-08-13
957,Headphones,South,42323,4,-2708,2026-08-14
958,Laptop,East,19752,1,-3462,2026-08-15
959,Phone,North,33376,4,-1592,2026-08-16
960,Tablet,East,17669,4,3752,2026-08-17
961,Laptop,South,33916,2,13287,2026-08-18
962,Laptop,North,14395,2,-4826,2026-08-19
963,Phone,South,21421,1,-2770,2026-08-20
964,Tablet,South,27342,1,-713,2026-08-21
965,Tablet,North,5895,3,7112,2026-08-22
966,Laptop,North,12023,4,2106,2026-08-23
967,Laptop,North,11699,2,4689,2026-08-24
968,Phone,West,10715,1,7046,2026-08-25
969,Phone,North,20169,3,14555,2026-08-26
970,Tablet,North,17163,3,12951,2026-08-27
971,Headphones,North,6782,2,-3849,2026-08-28
972,Tablet,North,23641,2,2619,2026-08-29
973,Laptop,East,19792,3,1033,2026-08-30
974,Tablet,West,36585,1,3560,2026-08-31
975,Headphones,South,31682,3,-54,2026-09-01
976,Phone,North,48864,4,-3093,2026-09-02
977,Headphones,East,19880,4,-1510,2026-09-03
978,Headphones,East,39067,2,13919,2026-09-04
979,Headphones,East,43685,1,-827,2026-09-05
980,Phone,South,19073,1,6065,2026-09-06
981,Headphones,North,37035,4,12677,2026-09-07
982,Headphones,West,38174,3,-231,2026-09-08
983,Headphones,West,25837,2,-204,2026-09-09
984,Laptop,East,18826,3,8046,2026-09-10
985,Headphones,South,25981,3,9211,2026-09-11
986,Phone,South,11382,3,14356,2026-09-12
987,Headphones,South,5437,1,-3,2026-09-13
988,Headphones,West,6435,4,12376,2026-09-14
989,Phone,East,25819,1,3112,2026-09-15
990,Headphones,North,37875,4,287,2026-09-16
991,Phone,West,32982,2,5578,2026-09-17
992,Headphones,East,34328,2,13624,2026-09-18
993,Phone,East,13329,3,12860,2026-09-19
994,Headphones,North,26169,4,1426,2026-09-20
995,Headphones,North,22932,4,6599,2026-09-21
996,Laptop,North,35594,4,-4611,2026-09-22
997,Laptop,South,12421,3,-4001,2026-09-23
998,Headphones,North,46033,3,7812,2026-09-24
999,Headphones,East,8629,2,10599,2026-09-25
1000,Tablet,North,9325,1,-3145,2026-09-26
